--TPTEAM 테이블  데이터
Insert into TPTEAM (TNUM,TNAME,DNUM) values (100,'대표',100);
Insert into TPTEAM (TNUM,TNAME,DNUM) values (201,'인사팀',200);
Insert into TPTEAM (TNUM,TNAME,DNUM) values (202,'회계팀',200);
Insert into TPTEAM (TNUM,TNAME,DNUM) values (203,'고객관리팀',200);
Insert into TPTEAM (TNUM,TNAME,DNUM) values (301,'개발1팀',300);
Insert into TPTEAM (TNUM,TNAME,DNUM) values (302,'개발2팀',300);
Insert into TPTEAM (TNUM,TNAME,DNUM) values (401,'디자인1팀',400);
Insert into TPTEAM (TNUM,TNAME,DNUM) values (402,'디자인2팀',400);

--TPUSER 테이블 데이터
REM INSERTING into TPUSER
SET DEFINE OFF;
Insert into TPUSER (NAME,PHONE,TEL,EMNUM,TNUM,ID,PW,EMAIL,POSITION,JOIND,LOGIN,SIGNATURE,PROFILE) values ('김명선','010-0000-0000','02-0000-0000',1,100,'mskim','1111','mskim@greesoft.com','1','2013.02.03',0,null,null);
Insert into TPUSER (NAME,PHONE,TEL,EMNUM,TNUM,ID,PW,EMAIL,POSITION,JOIND,LOGIN,SIGNATURE,PROFILE) values ('관리자','010-0000-0000','02-0000-0000',2,201,'admin','1111','admin@greesoft.com','2','2017.03.17',0,null,null);
Insert into TPUSER (NAME,PHONE,TEL,EMNUM,TNUM,ID,PW,EMAIL,POSITION,JOIND,LOGIN,SIGNATURE,PROFILE) values ('유성은','010-0000-0000','02-0000-0000',1001,301,'yse','1111','yse@ssoft.com','5','2018-04-18',0,null,null);
Insert into TPUSER (NAME,PHONE,TEL,EMNUM,TNUM,ID,PW,EMAIL,POSITION,JOIND,LOGIN,SIGNATURE,PROFILE) values ('유성희','010-0000-0000','02-0000-0000',1002,301,'ysh','1111','ysh@ssoft.com','5','2018-04-18',0,null,null);
Insert into TPUSER (NAME,PHONE,TEL,EMNUM,TNUM,ID,PW,EMAIL,POSITION,JOIND,LOGIN,SIGNATURE,PROFILE) values ('윤장효','010-0000-0000','02-0000-0000',1003,301,'yjh','1111','yjh@ssoft.com','5','2018-04-18',0,null,null);
Insert into TPUSER (NAME,PHONE,TEL,EMNUM,TNUM,ID,PW,EMAIL,POSITION,JOIND,LOGIN,SIGNATURE,PROFILE) values ('최영진','010-0000-0000','02-0000-0000',1004,301,'cyj','1111','cyj@ssoft.com','3','2018-04-18',0,null,null);
Insert into TPUSER (NAME,PHONE,TEL,EMNUM,TNUM,ID,PW,EMAIL,POSITION,JOIND,LOGIN,SIGNATURE,PROFILE) values ('이형원','010-0000-0000','02-0000-0000',1005,302,'lhy','1111','lhy@ssoft.com','5','2018-04-18',0,null,null);
Insert into TPUSER (NAME,PHONE,TEL,EMNUM,TNUM,ID,PW,EMAIL,POSITION,JOIND,LOGIN,SIGNATURE,PROFILE) values ('이보희','010-0000-0000','02-0000-0000',1006,302,'lbh','1111','lbh@ssoft.com','5','2018-04-18',0,null,null);
Insert into TPUSER (NAME,PHONE,TEL,EMNUM,TNUM,ID,PW,EMAIL,POSITION,JOIND,LOGIN,SIGNATURE,PROFILE) values ('임대빈','010-0000-0000','02-0000-0000',1007,302,'ldb','1111','ldb@ssoft.com','3','2018-04-18',0,null,null);
Insert into TPUSER (NAME,PHONE,TEL,EMNUM,TNUM,ID,PW,EMAIL,POSITION,JOIND,LOGIN,SIGNATURE,PROFILE) values ('손호영','010-0000-0000','02-0000-0000',1008,302,'shy','111','shy@ssoft.com','5','2018-04-18',0,null,null);
Insert into TPUSER (NAME,PHONE,TEL,EMNUM,TNUM,ID,PW,EMAIL,POSITION,JOIND,LOGIN,SIGNATURE,PROFILE) values ('최지혜','010-0000-0000','02-0000-0000',1009,401,'cjh','1111','cjh@ssoft.com','5','2018-04-18',0,null,null);
Insert into TPUSER (NAME,PHONE,TEL,EMNUM,TNUM,ID,PW,EMAIL,POSITION,JOIND,LOGIN,SIGNATURE,PROFILE) values ('이혜지','010-0000-0000','02-0000-0000',1010,401,'lhj','1111','lhj@ssoft.com','5','2018-04-18',0,null,null);
Insert into TPUSER (NAME,PHONE,TEL,EMNUM,TNUM,ID,PW,EMAIL,POSITION,JOIND,LOGIN,SIGNATURE,PROFILE) values ('송영곤','010-0000-0000','02-0000-0000',1011,401,'syg','1111','syg@ssoft.com','3','2018-04-18',0,null,null);
Insert into TPUSER (NAME,PHONE,TEL,EMNUM,TNUM,ID,PW,EMAIL,POSITION,JOIND,LOGIN,SIGNATURE,PROFILE) values ('이수진','010-0000-0000','02-0000-0000',1012,402,'lsj','1111','lsj@ssoft.com','5','2018-04-18',0,null,null);
Insert into TPUSER (NAME,PHONE,TEL,EMNUM,TNUM,ID,PW,EMAIL,POSITION,JOIND,LOGIN,SIGNATURE,PROFILE) values ('허성재','010-0000-0000','02-0000-0000',1013,402,'hsj','1111','hsj@ssoft.com','3','2018-04-18',0,null,null);
Insert into TPUSER (NAME,PHONE,TEL,EMNUM,TNUM,ID,PW,EMAIL,POSITION,JOIND,LOGIN,SIGNATURE,PROFILE) values ('유동현','010-0000-0000','02-0000-0000',1014,402,'ydh','1111','ydh@ssoft.com','5','2018-04-18',0,null,null);
Insert into TPUSER (NAME,PHONE,TEL,EMNUM,TNUM,ID,PW,EMAIL,POSITION,JOIND,LOGIN,SIGNATURE,PROFILE) values ('김하은','010-0000-0000','02-0000-0000',1015,402,'khe','1111','khe@ssoft.com','5','2018-04-18',0,null,null);
Insert into TPUSER (NAME,PHONE,TEL,EMNUM,TNUM,ID,PW,EMAIL,POSITION,JOIND,LOGIN,SIGNATURE,PROFILE) values ('박보검','010-0000-0000','02-0000-0000',1016,201,'pbg','1111','pbg@ssoft.com','3','2018-04-18',0,null,null);

--TPDEP 테이블 데이터
Insert into TPDEP (DNUM,DNAME) values (100,'대표');
Insert into TPDEP (DNUM,DNAME) values (200,'경영지원부서');
Insert into TPDEP (DNUM,DNAME) values (300,'개발부서');
Insert into TPDEP (DNUM,DNAME) values (400,'디자인부서');

commit;


